"filename", "language", "YAML", "JSON", "Python", "Log", "Markdown", "pip requirements", "comment", "blank", "total"
"/home/jesse/code/ecs-rl/ecs/README.md", "Markdown", 0, 0, 0, 0, 75, 0, 0, 25, 100
"/home/jesse/code/ecs-rl/ecs/components/__init__.py", "Python", 0, 0, 10, 0, 0, 0, 3, 3, 16
"/home/jesse/code/ecs-rl/ecs/components/ai.py", "Python", 0, 0, 15, 0, 0, 0, 5, 7, 27
"/home/jesse/code/ecs-rl/ecs/components/character.py", "Python", 0, 0, 51, 0, 0, 0, 13, 26, 90
"/home/jesse/code/ecs-rl/ecs/components/combat.py", "Python", 0, 0, 26, 0, 0, 0, 11, 14, 51
"/home/jesse/code/ecs-rl/ecs/components/core.py", "Python", 0, 0, 23, 0, 0, 0, 10, 21, 54
"/home/jesse/code/ecs-rl/ecs/components/effects.py", "Python", 0, 0, 61, 0, 0, 0, 20, 27, 108
"/home/jesse/code/ecs-rl/ecs/components/items.py", "Python", 0, 0, 75, 0, 0, 0, 16, 30, 121
"/home/jesse/code/ecs-rl/ecs/data/enemies.json", "JSON", 0, 62, 0, 0, 0, 0, 0, 1, 63
"/home/jesse/code/ecs-rl/ecs/data/glyphs.json", "JSON", 0, 28, 0, 0, 0, 0, 0, 1, 29
"/home/jesse/code/ecs-rl/ecs/data/items.yaml", "YAML", 134, 0, 0, 0, 0, 0, 7, 13, 154
"/home/jesse/code/ecs-rl/ecs/data/prefabs.yaml", "YAML", 38, 0, 0, 0, 0, 0, 13, 4, 55
"/home/jesse/code/ecs-rl/ecs/data/schedule.yaml", "YAML", 33, 0, 0, 0, 0, 0, 2, 6, 41
"/home/jesse/code/ecs-rl/ecs/ecs/__init__.py", "Python", 0, 0, 5, 0, 0, 0, 3, 3, 11
"/home/jesse/code/ecs-rl/ecs/ecs/component.py", "Python", 0, 0, 37, 0, 0, 0, 17, 19, 73
"/home/jesse/code/ecs-rl/ecs/ecs/entity.py", "Python", 0, 0, 24, 0, 0, 0, 11, 11, 46
"/home/jesse/code/ecs-rl/ecs/ecs/system.py", "Python", 0, 0, 28, 0, 0, 0, 11, 15, 54
"/home/jesse/code/ecs-rl/ecs/ecs/world.py", "Python", 0, 0, 33, 0, 0, 0, 14, 16, 63
"/home/jesse/code/ecs-rl/ecs/effects/__init__.py", "Python", 0, 0, 14, 0, 0, 0, 8, 3, 25
"/home/jesse/code/ecs-rl/ecs/effects/core.py", "Python", 0, 0, 29, 0, 0, 0, 10, 15, 54
"/home/jesse/code/ecs-rl/ecs/effects/implementations/__init__.py", "Python", 0, 0, 8, 0, 0, 0, 3, 3, 14
"/home/jesse/code/ecs-rl/ecs/effects/implementations/blood_splatter.py", "Python", 0, 0, 14, 0, 0, 0, 24, 7, 45
"/home/jesse/code/ecs-rl/ecs/effects/implementations/knockback.py", "Python", 0, 0, 3, 0, 0, 0, 4, 3, 10
"/home/jesse/code/ecs-rl/ecs/effects/implementations/shockwave.py", "Python", 0, 0, 3, 0, 0, 0, 4, 3, 10
"/home/jesse/code/ecs-rl/ecs/effects/physics.py", "Python", 0, 0, 140, 0, 0, 0, 41, 50, 231
"/home/jesse/code/ecs-rl/ecs/effects/status_effects.py", "Python", 0, 0, 82, 0, 0, 0, 19, 31, 132
"/home/jesse/code/ecs-rl/ecs/effects/tile_effects.py", "Python", 0, 0, 73, 0, 0, 0, 18, 26, 117
"/home/jesse/code/ecs-rl/ecs/game/__init__.py", "Python", 0, 0, 4, 0, 0, 0, 3, 3, 10
"/home/jesse/code/ecs-rl/ecs/game/camera.py", "Python", 0, 0, 33, 0, 0, 0, 12, 14, 59
"/home/jesse/code/ecs-rl/ecs/game/character_stats.py", "Python", 0, 0, 70, 0, 0, 0, 20, 35, 125
"/home/jesse/code/ecs-rl/ecs/game/config.py", "Python", 0, 0, 30, 0, 0, 0, 14, 13, 57
"/home/jesse/code/ecs-rl/ecs/game/game_state.py", "Python", 0, 0, 56, 0, 0, 0, 19, 21, 96
"/home/jesse/code/ecs-rl/ecs/game/glyph_config.py", "Python", 0, 0, 65, 0, 0, 0, 30, 19, 114
"/home/jesse/code/ecs-rl/ecs/game/item_factory.py", "Python", 0, 0, 81, 0, 0, 0, 20, 25, 126
"/home/jesse/code/ecs-rl/ecs/game/message_log.py", "Python", 0, 0, 73, 0, 0, 0, 24, 29, 126
"/home/jesse/code/ecs-rl/ecs/game/prefabs/__init__.py", "Python", 0, 0, 4, 0, 0, 0, 3, 3, 10
"/home/jesse/code/ecs-rl/ecs/game/prefabs/loader.py", "Python", 0, 0, 74, 0, 0, 0, 14, 23, 111
"/home/jesse/code/ecs-rl/ecs/game/prefabs/manager.py", "Python", 0, 0, 50, 0, 0, 0, 17, 19, 86
"/home/jesse/code/ecs-rl/ecs/game/prefabs/spawner.py", "Python", 0, 0, 125, 0, 0, 0, 37, 47, 209
"/home/jesse/code/ecs-rl/ecs/game/world_gen.py", "Python", 0, 0, 29, 0, 0, 0, 16, 16, 61
"/home/jesse/code/ecs-rl/ecs/game/worldgen/__init__.py", "Python", 0, 0, 4, 0, 0, 0, 9, 3, 16
"/home/jesse/code/ecs-rl/ecs/game/worldgen/biomes.py", "Python", 0, 0, 173, 0, 0, 0, 45, 76, 294
"/home/jesse/code/ecs-rl/ecs/game/worldgen/core.py", "Python", 0, 0, 210, 0, 0, 0, 49, 61, 320
"/home/jesse/code/ecs-rl/ecs/game/worldgen/scheduler.py", "Python", 0, 0, 168, 0, 0, 0, 30, 49, 247
"/home/jesse/code/ecs-rl/ecs/main.py", "Python", 0, 0, 354, 0, 0, 0, 104, 109, 567
"/home/jesse/code/ecs-rl/ecs/rendering/__init__.py", "Python", 0, 0, 0, 0, 0, 0, 1, 1, 2
"/home/jesse/code/ecs-rl/ecs/rendering/entity_renderer.py", "Python", 0, 0, 53, 0, 0, 0, 19, 16, 88
"/home/jesse/code/ecs-rl/ecs/rendering/tile_renderer.py", "Python", 0, 0, 35, 0, 0, 0, 15, 11, 61
"/home/jesse/code/ecs-rl/ecs/requirements.txt", "pip requirements", 0, 0, 0, 0, 0, 2, 0, 1, 3
"/home/jesse/code/ecs-rl/ecs/systems/__init__.py", "Python", 0, 0, 10, 0, 0, 0, 3, 3, 16
"/home/jesse/code/ecs-rl/ecs/systems/ai.py", "Python", 0, 0, 115, 0, 0, 0, 31, 35, 181
"/home/jesse/code/ecs-rl/ecs/systems/combat.py", "Python", 0, 0, 119, 0, 0, 0, 33, 51, 203
"/home/jesse/code/ecs-rl/ecs/systems/combat_helpers.py", "Python", 0, 0, 127, 0, 0, 0, 28, 47, 202
"/home/jesse/code/ecs-rl/ecs/systems/fov.py", "Python", 0, 0, 125, 0, 0, 0, 34, 35, 194
"/home/jesse/code/ecs-rl/ecs/systems/input.py", "Python", 0, 0, 146, 0, 0, 0, 34, 34, 214
"/home/jesse/code/ecs-rl/ecs/systems/inventory.py", "Python", 0, 0, 156, 0, 0, 0, 37, 61, 254
"/home/jesse/code/ecs-rl/ecs/systems/menu.py", "Python", 0, 0, 109, 0, 0, 0, 30, 37, 176
"/home/jesse/code/ecs-rl/ecs/systems/menus/__init__.py", "Python", 0, 0, 0, 0, 0, 0, 1, 1, 2
"/home/jesse/code/ecs-rl/ecs/systems/menus/drop_menu.py", "Python", 0, 0, 19, 0, 0, 0, 4, 11, 34
"/home/jesse/code/ecs-rl/ecs/systems/menus/equip_menu.py", "Python", 0, 0, 29, 0, 0, 0, 5, 12, 46
"/home/jesse/code/ecs-rl/ecs/systems/menus/inventory_menu.py", "Python", 0, 0, 33, 0, 0, 0, 7, 16, 56
"/home/jesse/code/ecs-rl/ecs/systems/menus/use_menu.py", "Python", 0, 0, 22, 0, 0, 0, 4, 11, 37
"/home/jesse/code/ecs-rl/ecs/systems/movement.py", "Python", 0, 0, 114, 0, 0, 0, 29, 46, 189
"/home/jesse/code/ecs-rl/ecs/systems/render.py", "Python", 0, 0, 136, 0, 0, 0, 46, 38, 220
"/home/jesse/code/ecs-rl/ecs/ui/__init__.py", "Python", 0, 0, 0, 0, 0, 0, 1, 1, 2
"/home/jesse/code/ecs-rl/ecs/ui/status_display.py", "Python", 0, 0, 150, 0, 0, 0, 45, 33, 228
"/home/jesse/code/ecs-rl/ecs/ui/text_formatter.py", "Python", 0, 0, 58, 0, 0, 0, 18, 18, 94
"/home/jesse/code/ecs-rl/ecs/world_gen.log", "Log", 0, 0, 0, 6, 0, 0, 0, 1, 7
"Total", "-", 205, 90, 3913, 6, 75, 2, 1178, 1468, 6937